school_id,school_name,school_conference,sets_played,match_win,match_loss,ttl_ace,ace_set,ttl_assist,assist_set,ttl_soloblock,ttl_blockassist,block_set,ttl_dig,dig_set,ttl_attkill,ttl_atterror,ttl_attack,attack_percentage,attack_set,attkill_set,win_percentage,ttl_oppkill,ttl_oppatterror,ttl_oppattack,oppattack_percentage
t001,Academy of Art,PacWest,101,6,22,153,1.51,1060,10.5,51,250,1.74,1448,14.34,1151,649,3657,0.137,36.21,11.4,0.214285714,1286,527,3544,0.214
t002,Adams St.,RMAC,101,11,16,97,0.96,1192,11.8,69,260,1.97,1593,15.77,1279,605,3833,0.176,37.95,12.66,0.407407407,1213,597,3730,0.165
t003,Adelphi,NE10,119,23,10,241,2.03,1468,12.34,52,305,1.72,1796,15.09,1589,621,4018,0.241,33.76,13.35,0.696969697,1218,597,3890,0.16
t004,Alas. Anchorage,GNAC,101,16,12,194,1.92,1120,11.09,31,354,2.06,1659,16.43,1214,478,3612,0.204,35.76,12.02,0.571428571,1219,553,3638,0.183
t005,Alas. Fairbanks,GNAC,110,21,7,199,1.81,1364,12.4,26,491,2.47,1728,15.71,1452,536,3921,0.234,35.65,13.2,0.75,1302,574,3894,0.187
t006,Albany St. (GA),SIAC,109,19,10,182,1.67,1212,11.12,64,312,2.02,1596,14.64,1333,649,3864,0.177,35.45,12.23,0.655172414,1194,662,3782,0.141
t007,Allen,SIAC,98,7,19,134,1.37,910,9.29,90,127,1.57,1430,14.59,1000,536,3415,0.136,34.85,10.2,0.269230769,1223,562,3518,0.188
t008,American Int'l,NE10,100,21,7,218,2.18,1180,11.8,53,328,2.17,1652,16.52,1265,473,3593,0.22,35.93,12.65,0.75,1065,549,3555,0.145
t009,Anderson (SC),South Atlantic,119,19,11,186,1.56,1475,12.39,63,276,1.69,1872,15.73,1570,702,4305,0.202,36.18,13.19,0.633333333,1277,624,4076,0.16
t010,Angelo St.,Lone Star,125,32,3,187,1.5,1705,13.64,40,428,2.03,2162,17.3,1810,630,4838,0.244,38.7,14.48,0.914285714,1519,685,4724,0.177
t011,Ark.-Fort Smith,Lone Star,108,14,14,175,1.62,1284,11.89,71,394,2.48,2011,18.62,1409,545,4127,0.209,38.21,13.05,0.5,1424,647,4366,0.178
t012,Ark.-Monticello,Great American,97,4,22,132,1.36,961,9.91,69,172,1.6,1579,16.28,1027,579,3550,0.126,36.6,10.59,0.153846154,1277,463,3602,0.226
t013,Arkansas Tech,Great American,109,13,17,184,1.69,1242,11.39,50,273,1.71,1707,15.66,1369,596,3912,0.198,35.89,12.56,0.433333333,1282,534,3854,0.194
t014,Ashland,G-MAC,109,19,11,178,1.63,1287,11.81,67,301,2,1724,15.82,1416,558,4005,0.214,36.74,12.99,0.633333333,1315,590,3909,0.185
t015,Assumption,NE10,94,8,17,183,1.95,900,9.57,39,194,1.45,1369,14.56,946,467,3169,0.151,33.71,10.06,0.32,1169,454,3217,0.222
t016,Augusta,Peach Belt,108,21,8,185,1.71,1258,11.65,42,502,2.71,1926,17.83,1374,618,4155,0.182,38.47,12.72,0.724137931,1139,670,4111,0.114
t017,Augustana (SD),NSIC,109,13,15,197,1.81,1265,11.61,69,387,2.41,1757,16.12,1349,561,3922,0.201,35.98,12.38,0.464285714,1355,609,4026,0.185
t018,AUM,Gulf South,112,10,19,205,1.83,1117,9.97,53,227,1.49,1436,12.82,1214,592,3611,0.172,32.24,10.84,0.344827586,1390,544,3631,0.233
t019,Azusa Pacific,PacWest,102,15,12,152,1.49,1195,11.72,80,262,2.07,1603,15.72,1276,426,3729,0.228,36.56,12.51,0.555555556,1388,592,3896,0.204
t020,Barry,Sunshine State,98,24,5,218,2.22,1193,12.17,81,370,2.71,1392,14.2,1319,397,3136,0.294,32,13.46,0.827586207,1016,558,3235,0.142
t021,Barton,Conference Carolinas,104,8,19,137,1.32,1052,10.12,99,114,1.5,1610,15.48,1160,581,3643,0.159,35.03,11.15,0.296296296,1271,534,3697,0.199
t022,Belmont Abbey,Conference Carolinas,104,7,21,176,1.69,1028,9.88,49,218,1.52,1397,13.43,1108,617,3617,0.136,34.78,10.65,0.25,1280,516,3549,0.215
t023,Bemidji St.,NSIC,100,8,18,143,1.43,986,9.86,66,214,1.73,1478,14.78,1115,576,3459,0.156,34.59,11.15,0.307692308,1264,470,3509,0.226
t024,Benedict,SIAC,89,17,9,184,2.07,978,10.99,97,118,1.75,1311,14.73,1057,520,2931,0.183,32.93,11.88,0.653846154,955,544,3046,0.135
t025,Bentley,NE10,120,26,7,265,2.21,1346,11.22,89,426,2.52,1712,14.27,1449,533,4155,0.22,34.63,12.08,0.787878788,1274,733,4143,0.131
t026,Biola,PacWest,108,9,19,195,1.81,1126,10.43,30,208,1.24,1481,13.71,1218,621,3650,0.164,33.8,11.28,0.321428571,1237,473,3443,0.222
t027,Black Hills St.,RMAC,96,5,21,133,1.39,1005,10.47,56,208,1.67,1612,16.79,1099,515,3616,0.162,37.67,11.45,0.192307692,1314,482,3663,0.227
t028,Bloomfield,CACC,68,0,22,85,1.25,396,5.82,25,71,0.89,706,10.38,417,420,1848,-0.002,27.18,6.13,0,845,288,1953,0.285
t029,Bloomsburg,PSAC,100,9,18,235,2.35,1071,10.71,45,216,1.53,1580,15.8,1152,654,3726,0.134,37.26,11.52,0.333333333,1147,476,3391,0.198
t030,Bluefield St.,CIAA,125,16,18,238,1.9,1191,9.53,89,345,2.09,1670,13.36,1352,641,3968,0.179,31.74,10.82,0.470588235,1443,755,4171,0.165
t031,Bowie St.,CIAA,106,10,20,167,1.58,989,9.33,83,257,2,1479,13.95,1082,602,3471,0.138,32.75,10.21,0.333333333,1212,633,3652,0.159
t032,Bridgeport,CACC,113,20,10,250,2.21,1361,12.04,40,224,1.35,1729,15.3,1460,521,4117,0.228,36.43,12.92,0.666666667,1292,592,3918,0.179
t033,Cal Poly Humboldt,CCAA,97,8,18,153,1.58,1024,10.56,47,250,1.77,1458,15.03,1132,610,3473,0.15,35.8,11.67,0.307692308,1212,463,3363,0.223
t034,Cal Poly Pomona,CCAA,101,25,4,212,2.1,1237,12.25,73,309,2.25,1671,16.54,1392,457,3696,0.253,36.59,13.78,0.862068966,1092,535,3632,0.153
t035,Cal St. Dom. Hills,CCAA,96,7,19,154,1.6,1026,10.69,41,240,1.68,1373,14.3,1108,556,3455,0.16,35.99,11.54,0.269230769,1245,475,3374,0.228
t036,Cal St. East Bay,CCAA,98,13,14,165,1.68,1081,11.03,57,267,1.94,1512,15.43,1200,464,3561,0.207,36.34,12.24,0.481481481,1304,546,3704,0.205
t037,Cal St. Monterey Bay,CCAA,97,6,19,134,1.38,1082,11.15,50,172,1.4,1421,14.65,1151,557,3433,0.173,35.39,11.87,0.24,1256,467,3372,0.234
t038,Cal St. San Marcos,CCAA,98,9,16,148,1.51,1040,10.61,53,268,1.91,1439,14.68,1106,489,3328,0.185,33.96,11.29,0.36,1297,515,3481,0.225
t039,Cal State LA,CCAA,118,18,11,216,1.83,1326,11.24,60,328,1.9,1629,13.81,1435,598,3854,0.217,32.66,12.16,0.620689655,1297,583,3819,0.187
t040,Caldwell,CACC,89,2,25,154,1.73,594,6.67,36,110,1.02,942,10.58,646,458,2459,0.076,27.63,7.26,0.074074074,1159,391,2632,0.292
t041,California (PA),PSAC,82,3,20,60,0.73,726,8.85,37,262,2.05,1368,16.68,793,406,2858,0.135,34.85,9.67,0.130434783,1275,502,3402,0.227
t042,Cameron,Lone Star,96,2,26,96,1,885,9.22,28,166,1.16,1432,14.92,955,595,3374,0.107,35.15,9.95,0.071428571,1271,406,3324,0.26
t043,Carson-Newman,South Atlantic,105,16,11,164,1.56,1288,12.27,49,330,2.04,1812,17.26,1366,606,3997,0.19,38.07,13.01,0.592592593,1231,572,3981,0.166
t044,Catawba,South Atlantic,91,4,21,104,1.14,867,9.53,44,172,1.43,1454,15.98,959,638,3421,0.094,37.59,10.54,0.16,1097,409,3211,0.214
t045,Cedarville,G-MAC,93,14,11,153,1.65,1150,12.37,67,295,2.31,1387,14.91,1236,502,3247,0.226,34.91,13.29,0.56,1105,477,3185,0.197
t046,Central Mo.,MIAA,100,11,15,141,1.41,1265,12.65,46,324,2.08,1645,16.45,1356,593,3884,0.196,38.84,13.56,0.423076923,1251,517,3681,0.199
t047,Central Okla.,MIAA,131,33,3,176,1.34,1768,13.5,90,400,2.21,2513,19.18,1903,575,5156,0.258,39.36,14.53,0.916666667,1552,749,5225,0.154
t048,Central St. (OH),SIAC,116,13,20,245,2.11,1030,8.88,55,200,1.34,1180,10.17,1136,654,3363,0.143,28.99,9.79,0.393939394,1201,583,3249,0.19
t049,Central Wash.,GNAC,94,18,7,150,1.6,1145,12.18,34,378,2.37,1500,15.96,1223,421,3278,0.245,34.87,13.01,0.72,1132,528,3416,0.177
t050,Chadron St.,RMAC,94,6,20,114,1.21,938,9.98,55,220,1.76,1549,16.48,1002,469,3408,0.156,36.26,10.66,0.230769231,1327,471,3564,0.24
t051,Chaminade,PacWest,123,28,5,253,2.06,1564,12.72,40,331,1.67,1716,13.95,1728,626,4222,0.261,34.33,14.05,0.848484848,1280,613,3968,0.168
t052,Charleston (WV),Mountain East,118,25,8,249,2.11,1401,11.87,95,347,2.28,1763,14.94,1506,588,4106,0.224,34.8,12.76,0.757575758,1333,697,4147,0.153
t053,Chestnut Hill,CACC,105,17,10,271,2.58,1172,11.16,52,195,1.42,1522,14.5,1246,644,3623,0.166,34.5,11.87,0.62962963,1036,512,3304,0.159
t054,Chico St.,CCAA,91,9,16,145,1.59,918,10.09,52,214,1.75,1282,14.09,997,452,3018,0.181,33.16,10.96,0.36,1199,459,3187,0.232
t055,Chowan,Conference Carolinas,90,4,21,153,1.7,734,8.16,36,126,1.1,1439,15.99,822,541,3192,0.088,35.47,9.13,0.16,1098,461,3303,0.193
t056,Christian Brothers,Gulf South,112,8,22,197,1.76,1176,10.5,40,200,1.25,1542,13.77,1275,677,3891,0.154,34.74,11.38,0.266666667,1310,505,3661,0.22
t057,Claflin,CIAA,64,2,17,91,1.42,423,6.61,21,87,1.01,878,13.72,464,479,2082,-0.007,32.53,7.25,0.105263158,724,343,2088,0.182
t058,Clarion,PSAC,111,15,12,175,1.58,1292,11.64,62,334,2.06,1699,15.31,1389,640,4063,0.184,36.6,12.51,0.555555556,1245,612,3885,0.163
t059,Clark Atlanta,SIAC,105,14,14,175,1.67,1065,10.14,100,210,1.95,1398,13.31,1164,660,3445,0.146,32.81,11.09,0.5,1036,603,3308,0.131
t060,Coker,South Atlantic,92,5,19,92,1,924,10.04,58,254,2.01,1568,17.04,969,530,3566,0.123,38.76,10.53,0.208333333,1174,520,3615,0.181
t061,Colo. Christian,RMAC,102,19,11,153,1.5,1333,13.07,54,352,2.25,1711,16.77,1421,514,3840,0.236,37.65,13.93,0.633333333,1260,557,3852,0.183
t062,Colo. Sch. of Mines,RMAC,100,9,17,102,1.02,1102,11.02,39,348,2.13,1425,14.25,1174,506,3504,0.191,35.04,11.74,0.346153846,1363,552,3642,0.223
t063,Colorado Mesa,RMAC,102,23,6,159,1.56,1383,13.56,79,235,1.93,1454,14.25,1489,599,3536,0.252,34.67,14.6,0.793103448,1064,516,3233,0.17
t064,Concord,Mountain East,120,17,16,173,1.44,1333,11.11,60,403,2.18,1781,14.84,1428,576,4194,0.203,34.95,11.9,0.515151515,1574,744,4438,0.187
t065,Concordia-St. Paul,NSIC,120,24,7,229,1.91,1639,13.66,74,385,2.22,1893,15.78,1731,656,4400,0.244,36.67,14.43,0.774193548,1312,584,4051,0.18
t066,Converse,Conference Carolinas,128,23,10,253,1.98,1467,11.46,91,244,1.66,2360,18.44,1590,636,4811,0.198,37.59,12.42,0.696969697,1437,674,4773,0.16
t067,CSU Pueblo,RMAC,96,16,11,163,1.7,1131,11.78,44,278,1.91,1443,15.03,1246,447,3519,0.227,36.66,12.98,0.592592593,1197,495,3461,0.203
t068,CSUSB,CCAA,99,15,11,170,1.72,1143,11.55,45,330,2.12,1480,14.95,1222,450,3478,0.222,35.13,12.34,0.576923077,1212,556,3501,0.187
t069,CUI,PacWest,113,16,12,197,1.74,1306,11.56,66,281,1.83,1827,16.17,1393,560,4098,0.203,36.27,12.33,0.571428571,1363,594,4100,0.188
t070,Daemen,ECC,105,17,9,262,2.5,1254,11.94,52,226,1.57,1647,15.69,1365,624,3672,0.202,34.97,13,0.653846154,1005,485,3375,0.154
t071,Davenport,GLIAC,105,10,19,187,1.78,1069,10.18,35,290,1.71,1427,13.59,1147,571,3576,0.161,34.06,10.92,0.344827586,1253,518,3453,0.213
t072,Davis & Elkins,Mountain East,87,7,17,137,1.57,800,9.2,25,124,1,1142,13.13,855,496,2957,0.121,33.99,9.83,0.291666667,1037,409,2850,0.22
t073,DBU,Lone Star,110,20,10,193,1.75,1326,12.05,53,366,2.15,1586,14.42,1482,516,3790,0.255,34.45,13.47,0.666666667,1301,553,3813,0.196
t074,Dominican (CA),PacWest,96,6,20,149,1.55,987,10.28,43,184,1.41,1505,15.68,1077,584,3591,0.137,37.41,11.22,0.230769231,1282,499,3548,0.221
t075,Dominican (NY),CACC,99,12,13,194,1.96,1047,10.58,47,196,1.46,1397,14.11,1120,487,3262,0.194,32.95,11.31,0.48,1118,523,3263,0.182
t076,Drury,GLVC,106,14,13,154,1.45,1162,10.96,61,348,2.22,1976,18.64,1295,587,4008,0.177,37.81,12.22,0.518518519,1321,585,4221,0.174
t077,D'Youville,ECC,106,13,16,203,1.92,1116,10.53,74,204,1.66,1618,15.26,1194,577,3647,0.169,34.41,11.26,0.448275862,1299,567,3705,0.198
t078,East Central,Great American,117,18,14,173,1.48,1337,11.43,56,324,1.86,2056,17.57,1449,629,4571,0.179,39.07,12.38,0.5625,1525,619,4561,0.199
t079,East Stroudsburg,PSAC,96,20,8,205,2.14,1100,11.46,74,258,2.11,1567,16.32,1174,422,3350,0.224,34.9,12.23,0.714285714,1082,575,3504,0.145
t080,Eastern N.M.,Lone Star,96,5,22,114,1.19,883,9.2,45,203,1.53,1453,15.14,975,529,3366,0.133,35.06,10.16,0.185185185,1327,467,3559,0.242
t081,Eckerd,Sunshine State,100,14,14,206,2.06,1112,11.12,32,238,1.51,1505,15.05,1209,559,3521,0.185,35.21,12.09,0.5,1173,486,3368,0.204
t082,Edinboro,PSAC,105,14,13,163,1.55,1200,11.43,64,235,1.73,1700,16.19,1280,571,3796,0.187,36.15,12.19,0.518518519,1219,555,3727,0.178
t083,Edward Waters,SIAC,108,8,22,177,1.64,1029,9.53,82,180,1.59,1465,13.56,1155,632,3691,0.142,34.18,10.69,0.266666667,1288,561,3618,0.201
t084,Elizabeth City St.,CIAA,106,11,18,161,1.52,1055,9.95,96,261,2.14,1855,17.5,1152,700,3903,0.116,36.82,10.87,0.379310345,1205,655,4092,0.134
t085,Embry-Riddle (FL),Sunshine State,113,21,10,215,1.9,1423,12.59,34,459,2.33,1796,15.89,1501,608,4092,0.218,36.21,13.28,0.677419355,1284,607,3980,0.17
t086,Emmanuel (GA),Conference Carolinas,112,21,10,211,1.88,1352,12.07,43,367,2.02,1824,16.29,1441,482,4033,0.238,36.01,12.87,0.677419355,1267,621,4036,0.16
t087,Emory & Henry,South Atlantic,98,5,23,106,1.08,835,8.52,80,240,2.04,1505,15.36,933,575,3469,0.103,35.4,9.52,0.178571429,1356,592,3768,0.203
t088,Emporia St.,MIAA,103,17,10,154,1.5,1306,12.68,34,324,1.9,1701,16.51,1387,597,3934,0.201,38.19,13.47,0.62962963,1243,475,3707,0.207
t089,Erskine,Conference Carolinas,100,6,22,158,1.58,953,9.53,43,127,1.07,1338,13.38,1010,567,3344,0.132,33.44,10.1,0.214285714,1238,435,3236,0.248
t090,Fairmont St.,Mountain East,122,18,14,176,1.44,1497,12.27,52,406,2.09,2271,18.61,1607,651,4834,0.198,39.62,13.17,0.5625,1456,710,4861,0.153
t091,Fayetteville St.,CIAA,83,18,5,178,2.14,896,10.8,66,178,1.87,1357,16.35,984,449,3053,0.175,36.78,11.86,0.782608696,810,481,2933,0.112
t092,Felician,CACC,107,9,20,217,2.03,983,9.19,69,203,1.59,1553,14.51,1065,611,3715,0.122,34.72,9.95,0.310344828,1234,571,3650,0.182
t093,Ferris St.,GLIAC,120,34,1,246,2.05,1470,12.25,96,319,2.13,1823,15.19,1639,453,3951,0.3,32.93,13.66,0.971428571,1305,653,4086,0.16
t094,Findlay,G-MAC,122,24,9,239,1.96,1603,13.14,76,221,1.53,1811,14.84,1714,597,4341,0.257,35.58,14.05,0.727272727,1398,599,4080,0.196
t095,Fla. Southern,Sunshine State,104,15,13,187,1.8,1126,10.83,78,298,2.18,1521,14.63,1219,562,3508,0.187,33.73,11.72,0.535714286,1223,582,3551,0.181
t096,Flagler,Peach Belt,101,15,11,189,1.87,1152,11.41,45,310,1.98,1489,14.74,1243,477,3486,0.22,34.51,12.31,0.576923077,1168,530,3452,0.185
t097,Florida Tech,Sunshine State,116,20,10,187,1.61,1321,11.39,81,424,2.53,1951,16.82,1426,572,4135,0.207,35.65,12.29,0.666666667,1410,662,4298,0.174
t098,Fort Hays St.,MIAA,102,12,14,127,1.25,1182,11.59,56,312,2.08,1680,16.47,1295,557,3864,0.191,37.88,12.7,0.461538462,1435,554,3935,0.224
t099,Fort Lewis,RMAC,96,10,16,121,1.26,1101,11.47,38,267,1.79,1401,14.59,1198,650,3612,0.152,37.63,12.48,0.384615385,1226,489,3427,0.215
t100,Fort Valley St.,SIAC,83,15,8,149,1.8,815,9.82,79,207,2.2,1294,15.59,910,429,2960,0.163,35.66,10.96,0.652173913,885,560,3073,0.106
t101,Francis Marion,Conference Carolinas,111,16,13,214,1.93,1228,11.06,42,258,1.54,1850,16.67,1306,552,4028,0.187,36.29,11.77,0.551724138,1380,593,4103,0.192
t102,Franklin Pierce,NE10,72,2,18,96,1.33,546,7.58,46,216,2.14,821,11.4,607,356,1966,0.128,27.31,8.43,0.1,910,370,2275,0.237
t103,Fresno Pacific,PacWest,108,18,10,169,1.56,1209,11.19,74,290,2.03,1577,14.6,1360,544,3737,0.218,34.6,12.59,0.642857143,1301,594,3801,0.186
t104,Frostburg St.,Mountain East,98,11,17,179,1.83,1027,10.48,57,270,1.96,1429,14.58,1100,544,3424,0.162,34.94,11.22,0.392857143,1180,551,3365,0.187
t105,Gannon,PSAC,126,26,8,189,1.5,1493,11.85,100,498,2.77,2057,16.33,1616,592,4588,0.223,36.41,12.83,0.764705882,1537,828,4741,0.15
t106,Georgia College,Peach Belt,106,8,21,165,1.56,984,9.28,40,318,1.88,1476,13.92,1056,572,3647,0.133,34.41,9.96,0.275862069,1361,598,3839,0.199
t107,Georgian Court,CACC,118,22,10,269,2.28,1252,10.61,45,342,1.83,1582,13.41,1333,608,3809,0.19,32.28,11.3,0.6875,1319,621,3827,0.182
t108,Glenville St.,Mountain East,93,3,25,135,1.45,802,8.62,54,155,1.41,1165,12.53,868,530,3011,0.112,32.38,9.33,0.107142857,1188,418,3048,0.253
t109,Goldey-Beacom,CACC,112,15,15,172,1.54,1234,11.02,68,200,1.5,1753,15.65,1339,713,3924,0.16,35.04,11.96,0.5,1309,648,3975,0.166
t110,Grand Valley St.,GLIAC,120,28,4,220,1.83,1464,12.2,74,512,2.75,1869,15.58,1590,551,4131,0.252,34.43,13.25,0.875,1312,760,4234,0.13
t111,Harding,Great American,114,22,9,195,1.71,1492,13.09,73,302,1.96,2180,19.12,1615,570,4731,0.221,41.5,14.17,0.709677419,1365,606,4515,0.168
t112,Hawaii Hilo,PacWest,120,16,14,197,1.64,1324,11.03,39,346,1.77,1805,15.04,1439,671,4162,0.185,34.68,11.99,0.533333333,1440,709,4269,0.171
t113,Hawaii Pacific,PacWest,103,2,24,139,1.35,992,9.63,36,253,1.58,1375,13.35,1084,601,3411,0.142,33.12,10.52,0.076923077,1352,512,3530,0.238
t114,Henderson St.,Great American,108,15,15,150,1.39,1216,11.26,74,344,2.28,1937,17.94,1320,613,4196,0.168,38.85,12.22,0.5,1356,617,4239,0.174
t115,Hillsdale,G-MAC,99,22,5,163,1.65,1210,12.22,73,289,2.2,1556,15.72,1327,458,3528,0.246,35.64,13.4,0.814814815,1207,607,3587,0.167
t116,Holy Family,CACC,97,10,18,195,2.01,935,9.64,43,178,1.36,1338,13.79,990,497,3041,0.162,31.35,10.21,0.357142857,1080,469,3109,0.197
t117,Ill. Springfield,GLVC,105,18,10,195,1.86,1202,11.45,58,275,1.86,1721,16.39,1328,508,3904,0.21,37.18,12.65,0.642857143,1366,560,3984,0.202
t118,Indiana (PA),PSAC,128,24,9,279,2.18,1457,11.38,68,386,2.04,1943,15.18,1576,692,4507,0.196,35.21,12.31,0.727272727,1356,664,4283,0.162
t119,Jefferson,CACC,114,15,18,255,2.24,1268,11.12,43,268,1.55,1787,15.68,1372,605,4073,0.188,35.73,12.04,0.454545455,1320,578,3966,0.187
t120,Johnson C. Smith,CIAA,62,7,13,126,2.03,526,8.48,18,74,0.89,705,11.37,588,309,1957,0.143,31.56,9.48,0.35,716,274,1927,0.229
t121,Kentucky St.,SIAC,84,9,14,129,1.54,810,9.64,38,110,1.11,1226,14.6,866,506,2862,0.126,34.07,10.31,0.391304348,904,426,2770,0.173
t122,King (TN),Conference Carolinas,88,11,12,128,1.45,1035,11.76,51,150,1.43,1513,17.19,1118,467,3305,0.197,37.56,12.7,0.47826087,1069,453,3290,0.187
t123,Kutztown,PSAC,100,1,27,168,1.68,849,8.49,33,286,1.76,1482,14.82,897,661,3416,0.069,34.16,8.97,0.035714286,1228,543,3503,0.196
t124,Ky. Wesleyan,G-MAC,89,0,26,119,1.34,792,8.9,37,194,1.51,1264,14.2,839,661,3117,0.057,35.02,9.43,0,1075,428,2957,0.219
t125,Lake Erie,G-MAC,106,9,20,147,1.39,1089,10.27,60,263,1.81,1480,13.96,1170,679,3664,0.134,34.57,11.04,0.310344828,1311,523,3567,0.221
t126,Lake Superior St.,GLIAC,90,7,20,149,1.66,836,9.29,45,179,1.49,1170,13,921,510,3009,0.137,33.43,10.23,0.259259259,1117,453,2997,0.222
t127,Lander,Peach Belt,103,22,6,212,2.06,1162,11.28,51,377,2.33,1773,17.21,1288,448,3758,0.224,36.49,12.5,0.785714286,1127,669,3924,0.117
t128,Lane,SIAC,105,11,18,193,1.84,951,9.06,72,206,1.67,1351,12.87,1043,680,3436,0.106,32.72,9.93,0.379310345,1072,583,3294,0.148
t129,Lee,Gulf South,135,19,16,253,1.87,1523,11.28,60,334,1.68,1938,14.36,1623,660,4453,0.216,32.99,12.02,0.542857143,1633,678,4601,0.208
t130,Lees-McRae,Conference Carolinas,102,10,18,202,1.98,1036,10.16,56,252,1.78,1318,12.92,1126,523,3323,0.181,32.58,11.04,0.357142857,1146,533,3250,0.189
t131,LeMoyne-Owen,SIAC,87,2,25,107,1.23,585,6.72,24,97,0.83,1019,11.71,648,548,2574,0.039,29.59,7.45,0.074074074,1031,405,2597,0.241
t132,Lenoir-Rhyne,South Atlantic,111,25,7,195,1.76,1294,11.66,67,338,2.13,2005,18.06,1388,524,4224,0.205,38.05,12.5,0.78125,1308,698,4334,0.141
t133,Lewis,GLVC,129,23,11,195,1.51,1552,12.03,74,505,2.53,2460,19.07,1706,643,5138,0.207,39.83,13.22,0.676470588,1653,756,5344,0.168
t134,Limestone,South Atlantic,82,7,14,96,1.17,879,10.72,67,157,1.77,1488,18.15,936,459,3226,0.148,39.34,11.41,0.333333333,1010,405,3210,0.188
t135,Lincoln (PA),CIAA,86,1,24,138,1.6,551,6.41,34,150,1.27,902,10.49,607,553,2472,0.022,28.74,7.06,0.04,977,424,2542,0.218
t136,Lincoln Memorial,South Atlantic,97,17,9,187,1.93,1094,11.28,56,242,1.82,1488,15.34,1191,514,3427,0.198,35.33,12.28,0.653846154,1096,510,3338,0.176
t137,Livingstone,CIAA,84,7,16,163,1.94,770,9.17,60,178,1.77,1221,14.54,817,485,2820,0.118,33.57,9.73,0.304347826,950,467,2843,0.17
t138,Lock Haven,PSAC,85,6,18,150,1.76,825,9.71,35,192,1.54,1282,15.08,882,504,3009,0.126,35.4,10.38,0.25,1012,428,2937,0.199
t139,Lubbock Christian,Lone Star,105,13,14,128,1.22,1328,12.65,26,248,1.43,1674,15.94,1439,537,3956,0.228,37.68,13.7,0.481481481,1337,483,3812,0.224
t140,Lynn,Sunshine State,128,33,3,251,1.96,1665,13.01,117,279,2,2141,16.73,1805,567,4608,0.269,36,14.1,0.916666667,1329,666,4420,0.15
t141,Malone,G-MAC,102,5,24,148,1.45,948,9.29,71,230,1.82,1500,14.71,1021,617,3559,0.114,34.89,10.01,0.172413793,1359,566,3723,0.213
t142,Mars Hill,South Atlantic,99,17,10,136,1.37,1148,11.6,80,291,2.28,2053,20.74,1199,601,4173,0.143,42.15,12.11,0.62962963,1161,640,4229,0.123
t143,Mary,NSIC,92,4,22,120,1.3,922,10.02,33,229,1.6,1332,14.48,978,501,3292,0.145,35.78,10.63,0.153846154,1290,463,3293,0.251
t144,Maryville (MO),GLVC,106,17,11,172,1.62,1234,11.64,49,299,1.87,2010,18.96,1331,519,4144,0.196,39.09,12.56,0.607142857,1310,571,4201,0.176
t145,McKendree,GLVC,101,11,16,163,1.61,1158,11.47,26,302,1.75,1866,18.48,1220,544,3880,0.174,38.42,12.08,0.407407407,1276,528,3957,0.189
t146,Mercy,ECC,105,16,11,218,2.08,1231,11.72,73,259,1.93,1241,11.82,1305,575,3223,0.226,30.7,12.43,0.592592593,1151,519,3152,0.201
t147,Michigan Tech,GLIAC,106,17,12,189,1.78,1283,12.1,65,288,1.97,1613,15.22,1372,477,3695,0.242,34.86,12.94,0.586206897,1352,561,3820,0.207
t148,Midwestern St.,Lone Star,100,15,14,130,1.3,1230,12.3,40,254,1.67,1625,16.25,1307,530,3890,0.2,38.9,13.07,0.517241379,1326,539,3758,0.209
t149,Miles,SIAC,89,5,20,136,1.53,639,7.18,40,118,1.11,1201,13.49,715,507,2773,0.075,31.16,8.03,0.2,1152,497,3101,0.211
t150,Millersville,PSAC,117,15,15,218,1.86,1324,11.32,38,252,1.4,1992,17.03,1418,548,4349,0.2,37.17,12.12,0.5,1414,611,4277,0.188
t151,Minn. Duluth,NSIC,98,15,11,157,1.6,1234,12.59,48,318,2.11,1563,15.95,1313,517,3482,0.229,35.53,13.4,0.576923077,1098,490,3407,0.178
t152,Minn.-Crookston,NSIC,94,7,19,143,1.52,973,10.35,55,116,1.2,1669,17.76,1061,531,3745,0.142,39.84,11.29,0.269230769,1255,414,3653,0.23
t153,Minnesota St.,NSIC,100,18,9,165,1.65,1193,11.93,79,297,2.28,1763,17.63,1284,465,3761,0.218,37.61,12.84,0.666666667,1228,558,3807,0.176
t154,Minot St.,NSIC,87,2,25,71,0.82,754,8.67,22,265,1.78,1272,14.62,826,492,3218,0.104,36.99,9.49,0.074074074,1252,426,3330,0.248
t155,Mississippi Col.,Gulf South,104,16,14,191,1.84,1128,10.85,59,215,1.6,1475,14.18,1237,570,3649,0.183,35.09,11.89,0.533333333,1255,589,3568,0.187
t156,Missouri S&T,GLVC,100,9,18,118,1.18,1048,10.48,50,336,2.18,1663,16.63,1140,508,3851,0.164,38.51,11.4,0.333333333,1383,577,3970,0.203
t157,Missouri Western,MIAA,114,23,8,196,1.72,1439,12.62,40,472,2.42,2189,19.2,1551,563,4501,0.22,39.48,13.61,0.741935484,1344,680,4556,0.146
t158,Mo. Southern St.,MIAA,107,6,22,153,1.43,1225,11.45,28,281,1.57,1971,18.42,1291,629,4183,0.158,39.09,12.07,0.214285714,1354,490,4180,0.207
t159,Mo.-St. Louis,GLVC,106,19,9,183,1.73,1404,13.25,66,210,1.61,1804,17.02,1482,577,4057,0.223,38.27,13.98,0.678571429,1291,523,3895,0.197
t160,Molloy,ECC,103,14,12,233,2.26,1133,11,53,208,1.52,1473,14.3,1196,625,3551,0.161,34.48,11.61,0.538461538,1113,477,3271,0.194
t161,Mont. St. Billings,GNAC,100,7,21,157,1.57,1049,10.49,48,226,1.61,1541,15.41,1127,631,3615,0.137,36.15,11.27,0.25,1249,481,3470,0.221
t162,Montevallo,Gulf South,122,11,20,198,1.62,1270,10.41,60,343,1.9,1511,12.39,1364,722,3922,0.164,32.15,11.18,0.35483871,1431,604,3807,0.217
t163,Mount Olive,Conference Carolinas,105,20,8,260,2.48,1294,12.32,55,168,1.32,1745,16.62,1396,529,3954,0.219,37.66,13.3,0.714285714,1160,493,3645,0.183
t164,MSU Denver,RMAC,109,29,3,189,1.73,1452,13.32,52,529,2.9,1494,13.71,1551,498,3643,0.289,33.42,14.23,0.90625,1155,668,3677,0.132
t165,MSU Moorhead,NSIC,97,9,17,146,1.51,1097,11.31,74,176,1.67,1554,16.02,1197,480,3544,0.202,36.54,12.34,0.346153846,1312,465,3579,0.237
t166,N.M. Highlands,RMAC,93,5,21,82,0.88,806,8.67,50,202,1.62,1307,14.05,875,496,3330,0.114,35.81,9.41,0.192307692,1262,448,3425,0.238
t167,Neb.-Kearney,MIAA,112,30,3,149,1.33,1560,13.93,97,328,2.33,2086,18.63,1640,495,4442,0.258,39.66,14.64,0.909090909,1337,708,4471,0.141
t168,New Haven,NE10,110,19,11,195,1.77,1245,11.32,57,331,2.02,1884,17.13,1347,494,3963,0.215,36.03,12.25,0.633333333,1237,645,4115,0.144
t169,Newberry,South Atlantic,81,9,14,100,1.23,769,9.49,47,212,1.89,1242,15.33,832,397,3000,0.145,37.04,10.27,0.391304348,1058,463,3187,0.187
t170,Newman,MIAA,103,3,27,127,1.23,958,9.3,50,233,1.62,1458,14.16,1062,570,3548,0.139,34.45,10.31,0.1,1365,460,3525,0.257
t171,North Greenville,Conference Carolinas,112,18,14,235,2.1,1193,10.65,41,258,1.52,1626,14.52,1278,551,3809,0.191,34.01,11.41,0.5625,1292,592,3802,0.184
t172,Northern Mich.,GLIAC,116,20,9,208,1.79,1304,11.24,95,138,1.41,1824,15.72,1447,535,4017,0.227,34.63,12.47,0.689655172,1381,556,3951,0.209
t173,Northern St.,NSIC,102,21,7,179,1.75,1246,12.22,42,406,2.4,1805,17.7,1332,441,3698,0.241,36.25,13.06,0.75,1298,585,3939,0.181
t174,Northwest Mo. St.,MIAA,107,16,12,110,1.03,1298,12.13,41,337,1.96,2036,19.03,1452,595,4474,0.192,41.81,13.57,0.571428571,1304,542,4284,0.178
t175,Northwest Nazarene,GNAC,106,9,17,162,1.53,1166,11,26,331,1.81,1779,16.78,1244,556,3856,0.178,36.38,11.74,0.346153846,1368,523,3939,0.215
t176,Northwestern Okla.,Great American,110,13,16,161,1.46,1126,10.24,89,333,2.32,1719,15.63,1236,578,3904,0.169,35.49,11.24,0.448275862,1409,698,4112,0.173
t177,Northwood,G-MAC,105,21,8,166,1.58,1217,11.59,56,304,1.98,1505,14.33,1309,519,3496,0.226,33.3,12.47,0.724137931,1174,620,3530,0.157
t178,Nova Southeastern,Sunshine State,113,20,11,182,1.61,1332,11.79,47,490,2.58,1603,14.19,1453,520,3768,0.248,33.35,12.86,0.64516129,1242,666,3804,0.151
t179,Ohio Dominican,G-MAC,118,15,16,224,1.9,1423,12.06,69,312,1.91,1683,14.26,1523,679,4191,0.201,35.52,12.91,0.483870968,1382,653,3984,0.183
t180,Okla. Baptist,Great American,113,16,13,164,1.45,1392,12.32,73,242,1.72,2158,19.1,1505,574,4580,0.203,40.53,13.32,0.551724138,1451,586,4490,0.193
t181,Okla. Christian,Lone Star,116,20,11,184,1.59,1352,11.66,51,409,2.2,1783,15.37,1440,551,4203,0.212,36.23,12.41,0.64516129,1493,597,4250,0.211
t182,Ouachita Baptist,Great American,124,22,10,185,1.49,1533,12.36,50,305,1.63,2286,18.44,1704,538,4804,0.243,38.74,13.74,0.6875,1498,653,4808,0.176
t183,Pace,NE10,80,11,11,142,1.78,861,10.76,45,242,2.08,1127,14.09,924,434,2573,0.19,32.16,11.55,0.5,823,405,2514,0.166
t184,Palm Beach Atl.,Sunshine State,111,8,22,157,1.41,1056,9.51,63,396,2.35,1488,13.41,1166,638,3781,0.14,34.06,10.5,0.266666667,1398,611,3777,0.208
t185,Pitt.-Johnstown,PSAC,111,19,10,235,2.12,1283,11.56,48,250,1.56,1900,17.12,1403,532,4057,0.215,36.55,12.64,0.655172414,1251,598,4002,0.163
t186,Pittsburg St.,MIAA,93,10,16,138,1.48,997,10.72,43,336,2.27,1691,18.18,1099,491,3583,0.17,38.53,11.82,0.384615385,1242,516,3745,0.194
t187,Point Loma,PacWest,96,26,2,196,2.04,1238,12.9,58,354,2.45,1527,15.91,1341,454,3391,0.262,35.32,13.97,0.928571429,1068,554,3436,0.15
t188,Post,CACC,119,20,11,222,1.87,1339,11.25,40,275,1.49,2273,19.1,1478,542,4482,0.209,37.66,12.42,0.64516129,1287,625,4500,0.147
t189,Purdue Northwest,GLIAC,102,9,18,168,1.65,1108,10.86,62,192,1.55,1491,14.62,1211,548,3501,0.189,34.32,11.87,0.333333333,1191,469,3398,0.212
t190,Queens (NY),ECC,117,19,11,242,2.07,1270,10.85,98,263,1.96,1882,16.09,1357,630,4169,0.174,35.63,11.6,0.633333333,1246,641,4135,0.146
t191,Quincy,GLVC,118,25,6,208,1.76,1583,13.42,87,264,1.86,1860,15.76,1697,601,4358,0.251,36.93,14.38,0.806451613,1354,540,4096,0.199
t192,Regis (CO),RMAC,105,14,14,141,1.34,1218,11.6,72,468,2.91,1498,14.27,1326,556,3532,0.218,33.64,12.63,0.5,1294,608,3704,0.185
t193,Roberts Wesleyan,ECC,99,12,13,199,2.01,1114,11.25,49,220,1.61,1617,16.33,1178,528,3619,0.18,36.56,11.9,0.48,1190,524,3598,0.185
t194,Rockhurst,GLVC,113,21,8,207,1.83,1430,12.65,50,364,2.05,1968,17.42,1526,555,4318,0.225,38.21,13.5,0.724137931,1268,614,4210,0.155
t195,Rollins,Sunshine State,111,13,18,206,1.86,1208,10.88,56,321,1.95,1488,13.41,1284,652,3801,0.166,34.24,11.57,0.419354839,1291,529,3566,0.214
t196,Saginaw Valley,GLIAC,94,6,21,128,1.36,999,10.63,30,290,1.86,1259,13.39,1058,567,3173,0.155,33.76,11.26,0.222222222,1157,452,3035,0.232
t197,Saint Anselm,NE10,92,9,15,237,2.58,899,9.77,58,72,1.02,1378,14.98,954,479,3124,0.152,33.96,10.37,0.375,1025,419,3020,0.201
t198,Saint Leo,Sunshine State,100,5,23,129,1.29,931,9.31,35,236,1.53,1372,13.72,984,686,3316,0.09,33.16,9.84,0.178571429,1235,493,3290,0.226
t199,Saint Martin's,GNAC,99,6,20,158,1.6,986,9.96,29,274,1.68,1405,14.19,1062,542,3382,0.154,34.16,10.73,0.230769231,1240,459,3340,0.234
t200,Saint Michael's,NE10,97,8,17,160,1.65,953,9.82,36,166,1.23,1578,16.27,1044,541,3300,0.152,34.02,10.76,0.32,1119,455,3348,0.198
t201,Salem (WV),Peach Belt,92,5,24,138,1.5,746,8.11,47,45,0.76,1354,14.72,849,464,3218,0.12,34.98,9.23,0.172413793,1150,420,3275,0.223
t202,San Fran. St.,CCAA,123,26,7,230,1.87,1607,13.07,44,303,1.59,1979,16.09,1727,567,4505,0.257,36.63,14.04,0.787878788,1418,567,4265,0.2
t203,Savannah St.,SIAC,92,15,9,140,1.52,1041,11.32,49,172,1.47,1529,16.62,1118,545,3345,0.171,36.36,12.15,0.625,1017,531,3349,0.145
t204,Seattle Pacific,GNAC,103,10,16,156,1.51,1132,10.99,49,442,2.62,1581,15.35,1223,541,3649,0.187,35.43,11.87,0.384615385,1283,630,3749,0.174
t205,Seton Hill,PSAC,101,19,9,171,1.69,1237,12.25,68,286,2.09,1567,15.51,1366,569,3672,0.217,36.36,13.52,0.678571429,1142,524,3528,0.175
t206,Shaw,CIAA,120,30,5,334,2.78,1413,11.78,105,312,2.18,1813,15.11,1535,509,4011,0.256,33.43,12.79,0.857142857,1103,705,3954,0.101
t207,Shepherd,PSAC,113,24,6,234,2.07,1218,10.78,61,466,2.6,1743,15.42,1354,504,3749,0.227,33.18,11.98,0.8,1251,699,4044,0.136
t208,Shippensburg,PSAC,114,17,13,266,2.33,1324,11.61,39,226,1.33,1963,17.22,1432,635,4464,0.179,39.16,12.56,0.566666667,1316,559,4133,0.183
t209,Shorter,Gulf South,119,17,14,254,2.13,1218,10.24,46,342,1.82,1892,15.9,1368,754,4211,0.146,35.39,11.5,0.548387097,1201,617,4028,0.145
t210,Simon Fraser,GNAC,93,17,9,160,1.72,1118,12.02,48,347,2.38,1468,15.78,1197,445,3266,0.23,35.12,12.87,0.653846154,1105,518,3353,0.175
t211,Sioux Falls,NSIC,101,15,12,148,1.47,1270,12.57,62,289,2.04,1504,14.89,1351,463,3503,0.253,34.68,13.38,0.555555556,1317,539,3692,0.211
t212,Slippery Rock,PSAC,97,12,14,168,1.73,1065,10.98,72,296,2.27,1719,17.72,1166,559,3831,0.158,39.49,12.02,0.461538462,1176,590,3767,0.156
t213,Sonoma St.,CCAA,92,11,13,158,1.72,1079,11.73,48,256,1.91,1298,14.11,1129,474,3097,0.211,33.66,12.27,0.458333333,1050,479,3031,0.188
t214,South Dakota Mines,RMAC,102,18,9,140,1.37,1270,12.45,77,209,1.78,1841,18.05,1394,513,4060,0.217,39.8,13.67,0.666666667,1271,525,3905,0.191
t215,Southeastern Okla.,Great American,115,13,16,142,1.23,1293,11.24,44,283,1.61,2137,18.58,1475,535,4403,0.213,38.29,12.83,0.448275862,1518,593,4591,0.201
t216,Southern Ark.,Great American,88,12,12,116,1.32,982,11.16,68,226,2.06,1603,18.22,1073,446,3466,0.181,39.39,12.19,0.5,1192,518,3639,0.185
t217,Southern Conn. St.,NE10,87,4,21,161,1.85,792,9.1,51,142,1.4,1096,12.6,844,463,2852,0.134,32.78,9.7,0.16,1027,410,2811,0.219
t218,Southern N.H.,NE10,93,9,17,216,2.32,953,10.25,31,226,1.55,1277,13.73,1027,498,3193,0.166,34.33,11.04,0.346153846,1117,434,3064,0.223
t219,Southern Nazarene,Great American,113,9,20,139,1.23,1205,10.66,49,193,1.29,1864,16.5,1350,559,4185,0.189,37.04,11.95,0.310344828,1515,507,4216,0.239
t220,Southern Wesleyan,Conference Carolinas,93,11,15,117,1.26,947,10.18,53,234,1.83,1686,18.13,1039,426,3622,0.169,38.95,11.17,0.423076923,1224,589,3861,0.164
t221,Southwest Baptist,GLVC,119,14,16,169,1.42,1448,12.17,46,421,2.16,2035,17.1,1547,703,4695,0.18,39.45,13,0.466666667,1506,653,4555,0.187
t222,Southwest Minn. St.,NSIC,112,23,6,176,1.57,1538,13.73,56,356,2.09,2185,19.51,1621,547,4582,0.234,40.91,14.47,0.793103448,1361,603,4447,0.17
t223,Southwestern Okla.,Great American,110,21,8,194,1.76,1388,12.62,55,343,2.06,2000,18.18,1500,520,4222,0.232,38.38,13.64,0.724137931,1322,615,4310,0.164
t224,Spring Hill,SIAC,104,24,8,221,2.13,1205,11.59,59,274,1.88,1584,15.23,1327,474,3549,0.24,34.13,12.76,0.75,1085,571,3502,0.147
t225,St. Cloud St.,NSIC,113,29,3,214,1.89,1564,13.84,42,344,1.89,1790,15.84,1696,564,3968,0.285,35.12,15.01,0.90625,1185,587,3867,0.155
t226,St. Edward's,Lone Star,98,10,17,175,1.79,1209,12.34,46,240,1.69,1642,16.76,1269,515,3733,0.202,38.09,12.95,0.37037037,1199,464,3549,0.207
t227,St. Mary's (TX),Lone Star,107,17,11,182,1.7,1362,12.73,45,313,1.88,1811,16.93,1440,507,4054,0.23,37.89,13.46,0.607142857,1378,542,4034,0.207
t228,St. Thomas Aquinas,ECC,94,7,18,199,2.12,928,9.87,28,218,1.46,1301,13.84,971,515,3129,0.146,33.29,10.33,0.28,1111,473,3113,0.205
t229,Stanislaus St.,CCAA,108,22,8,214,1.98,1225,11.34,65,412,2.51,1718,15.91,1357,519,3790,0.221,35.09,12.56,0.733333333,1253,635,3915,0.158
t230,Sul Ross St.,Lone Star,71,2,20,79,1.11,635,8.94,16,92,0.87,1080,15.21,687,459,2603,0.088,36.66,9.68,0.090909091,1029,347,2622,0.26
t231,Tampa,Sunshine State,111,26,5,181,1.63,1401,12.62,74,310,2.06,1742,15.69,1528,487,3864,0.269,34.81,13.77,0.838709677,1270,603,3937,0.169
t232,Tex. A&M Int'l,Lone Star,96,9,16,110,1.15,1115,11.61,23,316,1.89,1392,14.5,1202,534,3493,0.191,36.39,12.52,0.36,1227,492,3493,0.21
t233,Tex. A&M-Kingsville,Lone Star,99,15,12,126,1.27,1185,11.97,49,326,2.14,1435,14.49,1280,523,3444,0.22,34.79,12.93,0.555555556,1246,534,3472,0.205
t234,Texas Woman's,Lone Star,113,19,10,124,1.1,1429,12.65,59,304,1.87,1993,17.64,1570,561,4264,0.237,37.73,13.89,0.655172414,1410,599,4339,0.187
t235,Texas-Dallas,Lone Star,67,9,9,128,1.91,853,12.73,17,132,1.24,1199,17.9,901,424,2712,0.176,40.48,13.45,0.5,757,308,2418,0.186
t236,Tiffin,G-MAC,103,13,14,149,1.45,1124,10.91,72,397,2.63,1602,15.55,1192,475,3504,0.205,34.02,11.57,0.481481481,1347,633,3884,0.184
t237,Trevecca Nazarene,G-MAC,124,14,19,203,1.64,1282,10.34,48,432,2.13,1648,13.29,1413,629,3904,0.201,31.48,11.4,0.424242424,1483,693,4219,0.187
t238,Truman St.,GLVC,115,6,22,170,1.48,1173,10.2,49,348,1.94,1833,15.94,1291,587,4256,0.165,37.01,11.23,0.214285714,1466,633,4377,0.19
t239,Tusculum,South Atlantic,105,13,14,153,1.46,1122,10.69,82,230,1.88,1855,17.67,1213,526,3939,0.174,37.51,11.55,0.481481481,1302,607,4059,0.171
t240,Tuskegee,SIAC,88,9,15,152,1.73,847,9.63,83,168,1.9,1152,13.09,942,467,2867,0.166,32.58,10.7,0.375,1060,502,2969,0.188
t241,UAH,Gulf South,113,26,6,200,1.77,1354,11.98,103,392,2.65,1722,15.24,1475,609,4019,0.215,35.57,13.05,0.8125,1264,710,3966,0.14
t242,UCCS,RMAC,104,11,15,145,1.39,1215,11.68,41,282,1.75,1690,16.25,1340,605,3964,0.185,38.12,12.88,0.423076923,1351,592,3880,0.196
t243,UIndy,GLVC,112,19,11,151,1.35,1353,12.08,61,349,2.1,1889,16.87,1439,582,4203,0.204,37.53,12.85,0.633333333,1422,654,4325,0.178
t244,UNC Pembroke,Conference Carolinas,128,17,18,210,1.64,1483,11.59,50,268,1.44,2254,17.61,1603,715,4810,0.185,37.58,12.52,0.485714286,1462,608,4652,0.184
t245,Union (TN),Gulf South,113,10,20,230,2.04,1229,10.88,60,224,1.52,1631,14.43,1300,616,3838,0.178,33.96,11.5,0.333333333,1430,546,3852,0.229
t246,Upper Iowa,GLVC,103,10,17,181,1.76,1178,11.44,36,248,1.55,1498,14.54,1251,559,3637,0.19,35.31,12.15,0.37037037,1264,510,3507,0.215
t247,Ursuline,G-MAC,98,3,26,125,1.28,853,8.7,39,134,1.08,1409,14.38,908,552,3266,0.109,33.33,9.27,0.103448276,1319,435,3404,0.26
t248,USC Aiken,Peach Belt,78,12,9,124,1.59,917,11.76,26,176,1.46,1267,16.24,984,453,2903,0.183,37.22,12.62,0.571428571,913,395,2840,0.182
t249,UT Permian Basin,Lone Star,92,16,9,113,1.23,1089,11.84,76,290,2.4,1516,16.48,1187,461,3390,0.214,36.85,12.9,0.64,1074,546,3448,0.153
t250,UT Tyler,Lone Star,103,18,9,152,1.48,1338,12.99,90,176,1.73,1651,16.03,1416,528,3844,0.231,37.32,13.75,0.666666667,1215,517,3722,0.188
t251,UVA Wise,South Atlantic,99,12,16,143,1.44,1099,11.1,56,318,2.17,1847,18.66,1171,639,4025,0.132,40.66,11.83,0.428571429,1250,585,3946,0.169
t252,Valdosta St.,Gulf South,116,19,12,214,1.84,1332,11.48,123,208,1.96,1895,16.34,1431,586,4147,0.204,35.75,12.34,0.612903226,1347,642,4190,0.168
t253,Virginia St.,CIAA,90,16,8,170,1.89,960,10.67,57,270,2.13,1390,15.44,1066,469,3130,0.191,34.78,11.84,0.666666667,952,538,3141,0.132
t254,Virginia Union,CIAA,98,9,19,186,1.9,879,8.97,75,226,1.92,1362,13.9,979,550,3254,0.132,33.2,9.99,0.321428571,1125,572,3392,0.163
t255,Walsh,G-MAC,116,18,13,145,1.25,1370,11.81,124,270,2.23,1993,17.18,1488,600,4377,0.203,37.73,12.83,0.580645161,1456,671,4427,0.177
t256,Washburn,MIAA,112,21,8,159,1.42,1452,12.96,41,469,2.46,2009,17.94,1556,534,4366,0.234,38.98,13.89,0.724137931,1343,649,4407,0.157
t257,Wayne St. (MI),GLIAC,103,14,13,160,1.55,1221,11.85,34,323,1.9,1322,12.83,1319,510,3278,0.247,31.83,12.81,0.518518519,1232,533,3356,0.208
t258,Wayne St. (NE),NSIC,107,23,7,187,1.75,1254,11.72,77,412,2.64,1759,16.44,1382,361,3772,0.271,35.25,12.92,0.766666667,1349,697,4138,0.158
t259,West Ala.,Gulf South,99,2,28,171,1.73,813,8.21,33,208,1.38,1038,10.48,869,664,2965,0.069,29.95,8.78,0.066666667,1037,425,2650,0.231
t260,West Chester,PSAC,100,13,15,194,1.94,1085,10.85,46,264,1.78,1406,14.06,1179,577,3424,0.176,34.24,11.79,0.464285714,1150,524,3412,0.183
t261,West Florida,Gulf South,115,27,6,161,1.4,1507,13.1,67,332,2.03,1880,16.35,1611,536,4042,0.266,35.15,14.01,0.818181818,1277,669,4116,0.148
t262,West Liberty,Mountain East,114,15,15,155,1.36,1183,10.38,63,372,2.18,1682,14.75,1304,738,4064,0.139,35.65,11.44,0.5,1389,654,4015,0.183
t263,West Tex. A&M,Lone Star,110,26,5,153,1.39,1431,13.01,84,334,2.28,1691,15.37,1566,517,3904,0.269,35.49,14.24,0.838709677,1351,635,4028,0.178
t264,West Va. Wesleyan,Mountain East,118,15,15,210,1.78,1339,11.35,50,286,1.64,1639,13.89,1434,724,4062,0.175,34.42,12.15,0.5,1281,582,3950,0.177
t265,West Virginia St.,Mountain East,117,24,10,213,1.82,1389,11.87,75,398,2.34,1765,15.09,1516,626,3977,0.224,33.99,12.96,0.705882353,1222,703,4049,0.128
t266,Western Colo.,RMAC,105,12,16,151,1.44,1204,11.47,43,229,1.5,1697,16.16,1315,570,3894,0.191,37.09,12.52,0.428571429,1362,528,3896,0.214
t267,Western N.M.,Lone Star,102,7,21,160,1.57,1041,10.21,56,196,1.51,1445,14.17,1164,534,3579,0.176,35.09,11.41,0.25,1362,551,3644,0.223
t268,Western Ore.,GNAC,110,15,12,270,2.45,1283,11.66,36,325,1.8,1579,14.35,1368,565,3810,0.211,34.64,12.44,0.555555556,1249,567,3653,0.187
t269,Western Wash.,GNAC,87,12,12,149,1.71,1014,11.66,24,296,1.98,1314,15.1,1089,472,3114,0.198,35.79,12.52,0.5,1064,424,3012,0.212
t270,Westminster (UT),RMAC,97,11,15,177,1.82,1107,11.41,69,165,1.56,1624,16.74,1200,565,3778,0.168,38.95,12.37,0.423076923,1174,495,3535,0.192
t271,Westmont,PacWest,100,14,13,149,1.49,1093,10.93,69,338,2.38,1474,14.74,1185,506,3409,0.199,34.09,11.85,0.518518519,1248,568,3597,0.189
t272,Wheeling,Mountain East,137,27,11,166,1.21,1757,12.82,62,431,2.03,2455,17.92,1848,596,4954,0.253,36.16,13.49,0.710526316,1736,816,5371,0.171
t273,William Jewell,GLVC,101,7,22,126,1.25,1089,10.78,39,279,1.77,1530,15.15,1180,584,3648,0.163,36.12,11.68,0.24137931,1381,471,3642,0.25
t274,Wilmington (DE),CACC,114,11,20,192,1.68,1131,9.92,49,363,2.02,1606,14.09,1202,587,3728,0.165,32.7,10.54,0.35483871,1508,633,4101,0.213
t275,Wingate,South Atlantic,116,31,3,223,1.92,1590,13.71,45,361,1.94,2151,18.54,1695,443,4345,0.288,37.46,14.61,0.911764706,1199,639,4406,0.127
t276,Winona St.,NSIC,113,18,12,181,1.6,1346,11.91,88,242,1.85,1906,16.87,1456,634,4278,0.192,37.86,12.88,0.6,1324,559,4083,0.187
t277,Winston-Salem,CIAA,93,14,11,145,1.56,940,10.11,65,170,1.61,1509,16.23,1037,543,3506,0.141,37.7,11.15,0.56,1092,549,3561,0.152
t278,Wis.-Parkside,GLIAC,104,11,17,202,1.94,1170,11.25,62,248,1.79,1739,16.72,1255,566,3818,0.18,36.71,12.07,0.392857143,1282,515,3817,0.201
t279,Young Harris,Conference Carolinas,86,6,16,117,1.36,886,10.3,62,134,1.5,1422,16.53,949,468,3192,0.151,37.12,11.03,0.272727273,1137,451,3284,0.209
